{"frames": [

{
	"filename": "1x_add-hover.png",
	"frame": {"x":737,"y":220,"w":60,"h":57},
	"rotated": false,
	"trimmed": false,
	"spriteSourceSize": {"x":0,"y":0,"w":60,"h":57},
	"sourceSize": {"w":60,"h":57}
},
{
	"filename": "1x_add-pressed.png",
	"frame": {"x":620,"y":220,"w":60,"h":57},
	"rotated": false,
	"trimmed": false,
	"spriteSourceSize": {"x":0,"y":0,"w":60,"h":57},
	"sourceSize": {"w":60,"h":57}
},
{
	"filename": "1x_add.png",
	"frame": {"x":854,"y":220,"w":60,"h":57},
	"rotated": false,
	"trimmed": false,
	"spriteSourceSize": {"x":0,"y":0,"w":60,"h":57},
	"sourceSize": {"w":60,"h":57}
},
{
	"filename": "1x_alk2logo.png",
	"frame": {"x":602,"y":112,"w":583,"h":49},
	"rotated": false,
	"trimmed": false,
	"spriteSourceSize": {"x":0,"y":0,"w":583,"h":49},
	"sourceSize": {"w":583,"h":49}
},
{
	"filename": "1x_alk2solo_logo_activation.png",
	"frame": {"x":956,"y":24,"w":583,"h":37},
	"rotated": false,
	"trimmed": false,
	"spriteSourceSize": {"x":0,"y":0,"w":583,"h":37},
	"sourceSize": {"w":583,"h":37}
},
{
	"filename": "1x_alk2solo_logo_inapp.png",
	"frame": {"x":1166,"y":404,"w":583,"h":100},
	"rotated": false,
	"trimmed": false,
	"spriteSourceSize": {"x":0,"y":0,"w":583,"h":100},
	"sourceSize": {"w":583,"h":100}
},
{
	"filename": "1x_arrow-active.png",
	"frame": {"x":1230,"y":164,"w":56,"h":56},
	"rotated": false,
	"trimmed": false,
	"spriteSourceSize": {"x":0,"y":0,"w":56,"h":56},
	"sourceSize": {"w":56,"h":56}
},
{
	"filename": "1x_arrow-hover.png",
	"frame": {"x":1286,"y":164,"w":56,"h":56},
	"rotated": false,
	"trimmed": false,
	"spriteSourceSize": {"x":0,"y":0,"w":56,"h":56},
	"sourceSize": {"w":56,"h":56}
},
{
	"filename": "1x_arrow-left-thick.png",
	"frame": {"x":1758,"y":0,"w":24,"h":24},
	"rotated": false,
	"trimmed": false,
	"spriteSourceSize": {"x":0,"y":0,"w":24,"h":24},
	"sourceSize": {"w":24,"h":24}
},
{
	"filename": "1x_arrow-pressed.png",
	"frame": {"x":1398,"y":164,"w":56,"h":56},
	"rotated": false,
	"trimmed": false,
	"spriteSourceSize": {"x":0,"y":0,"w":56,"h":56},
	"sourceSize": {"w":56,"h":56}
},
{
	"filename": "1x_arrow-right-thick.png",
	"frame": {"x":1782,"y":0,"w":24,"h":24},
	"rotated": false,
	"trimmed": false,
	"spriteSourceSize": {"x":0,"y":0,"w":24,"h":24},
	"sourceSize": {"w":24,"h":24}
},
{
	"filename": "1x_arrow-up-thick.png",
	"frame": {"x":1734,"y":0,"w":24,"h":24},
	"rotated": false,
	"trimmed": false,
	"spriteSourceSize": {"x":0,"y":0,"w":24,"h":24},
	"sourceSize": {"w":24,"h":24}
},
{
	"filename": "1x_arrow.png",
	"frame": {"x":1454,"y":164,"w":56,"h":56},
	"rotated": false,
	"trimmed": false,
	"spriteSourceSize": {"x":0,"y":0,"w":56,"h":56},
	"sourceSize": {"w":56,"h":56}
},
{
	"filename": "1x_arrow_active.png",
	"frame": {"x":1566,"y":164,"w":56,"h":56},
	"rotated": false,
	"trimmed": false,
	"spriteSourceSize": {"x":0,"y":0,"w":56,"h":56},
	"sourceSize": {"w":56,"h":56}
},
{
	"filename": "1x_arrow_hover.png",
	"frame": {"x":1174,"y":164,"w":56,"h":56},
	"rotated": false,
	"trimmed": false,
	"spriteSourceSize": {"x":0,"y":0,"w":56,"h":56},
	"sourceSize": {"w":56,"h":56}
},
{
	"filename": "1x_arrow_pressed.png",
	"frame": {"x":1510,"y":164,"w":56,"h":56},
	"rotated": false,
	"trimmed": false,
	"spriteSourceSize": {"x":0,"y":0,"w":56,"h":56},
	"sourceSize": {"w":56,"h":56}
},
{
	"filename": "1x_au_icon.png",
	"frame": {"x":67,"y":0,"w":22,"h":12},
	"rotated": false,
	"trimmed": false,
	"spriteSourceSize": {"x":0,"y":0,"w":22,"h":12},
	"sourceSize": {"w":22,"h":12}
},
{
	"filename": "1x_audio_track_icon.png",
	"frame": {"x":341,"y":0,"w":19,"h":16},
	"rotated": false,
	"trimmed": false,
	"spriteSourceSize": {"x":0,"y":0,"w":19,"h":16},
	"sourceSize": {"w":19,"h":16}
},
{
	"filename": "1x_autom-dest-hover.png",
	"frame": {"x":546,"y":0,"w":20,"h":20},
	"rotated": false,
	"trimmed": false,
	"spriteSourceSize": {"x":0,"y":0,"w":20,"h":20},
	"sourceSize": {"w":20,"h":20}
},
{
	"filename": "1x_autom-dest-pressed.png",
	"frame": {"x":992,"y":0,"w":20,"h":20},
	"rotated": false,
	"trimmed": false,
	"spriteSourceSize": {"x":0,"y":0,"w":20,"h":20},
	"sourceSize": {"w":20,"h":20}
},
{
	"filename": "1x_autom-dest.png",
	"frame": {"x":972,"y":0,"w":20,"h":20},
	"rotated": false,
	"trimmed": false,
	"spriteSourceSize": {"x":0,"y":0,"w":20,"h":20},
	"sourceSize": {"w":20,"h":20}
},
{
	"filename": "1x_command_track_icon.png",
	"frame": {"x":425,"y":0,"w":13,"h":17},
	"rotated": false,
	"trimmed": false,
	"spriteSourceSize": {"x":0,"y":0,"w":13,"h":17},
	"sourceSize": {"w":13,"h":17}
},
{
	"filename": "1x_control_track_icon.png",
	"frame": {"x":409,"y":0,"w":16,"h":16},
	"rotated": false,
	"trimmed": false,
	"spriteSourceSize": {"x":0,"y":0,"w":16,"h":16},
	"sourceSize": {"w":16,"h":16}
},
{
	"filename": "1x_curve-editor-hover.png",
	"frame": {"x":1012,"y":0,"w":20,"h":20},
	"rotated": false,
	"trimmed": false,
	"spriteSourceSize": {"x":0,"y":0,"w":20,"h":20},
	"sourceSize": {"w":20,"h":20}
},
{
	"filename": "1x_curve-editor-pressed.png",
	"frame": {"x":952,"y":0,"w":20,"h":20},
	"rotated": false,
	"trimmed": false,
	"spriteSourceSize": {"x":0,"y":0,"w":20,"h":20},
	"sourceSize": {"w":20,"h":20}
},
{
	"filename": "1x_curve-editor.png",
	"frame": {"x":911,"y":0,"w":20,"h":20},
	"rotated": false,
	"trimmed": false,
	"spriteSourceSize": {"x":0,"y":0,"w":20,"h":20},
	"sourceSize": {"w":20,"h":20}
},
{
	"filename": "1x_dot_pattern.png",
	"frame": {"x":0,"y":0,"w":2,"h":2},
	"rotated": false,
	"trimmed": false,
	"spriteSourceSize": {"x":0,"y":0,"w":2,"h":2},
	"sourceSize": {"w":2,"h":2}
},
{
	"filename": "1x_erase-active.png",
	"frame": {"x":1342,"y":164,"w":56,"h":56},
	"rotated": false,
	"trimmed": false,
	"spriteSourceSize": {"x":0,"y":0,"w":56,"h":56},
	"sourceSize": {"w":56,"h":56}
},
{
	"filename": "1x_erase-hover.png",
	"frame": {"x":1006,"y":164,"w":56,"h":56},
	"rotated": false,
	"trimmed": false,
	"spriteSourceSize": {"x":0,"y":0,"w":56,"h":56},
	"sourceSize": {"w":56,"h":56}
},
{
	"filename": "1x_erase-pressed.png",
	"frame": {"x":838,"y":164,"w":56,"h":56},
	"rotated": false,
	"trimmed": false,
	"spriteSourceSize": {"x":0,"y":0,"w":56,"h":56},
	"sourceSize": {"w":56,"h":56}
},
{
	"filename": "1x_erase.png",
	"frame": {"x":782,"y":164,"w":56,"h":56},
	"rotated": false,
	"trimmed": false,
	"spriteSourceSize": {"x":0,"y":0,"w":56,"h":56},
	"sourceSize": {"w":56,"h":56}
},
{
	"filename": "1x_erase_active.png",
	"frame": {"x":726,"y":164,"w":56,"h":56},
	"rotated": false,
	"trimmed": false,
	"spriteSourceSize": {"x":0,"y":0,"w":56,"h":56},
	"sourceSize": {"w":56,"h":56}
},
{
	"filename": "1x_erase_hover.png",
	"frame": {"x":950,"y":164,"w":56,"h":56},
	"rotated": false,
	"trimmed": false,
	"spriteSourceSize": {"x":0,"y":0,"w":56,"h":56},
	"sourceSize": {"w":56,"h":56}
},
{
	"filename": "1x_erase_pressed.png",
	"frame": {"x":1062,"y":164,"w":56,"h":56},
	"rotated": false,
	"trimmed": false,
	"spriteSourceSize": {"x":0,"y":0,"w":56,"h":56},
	"sourceSize": {"w":56,"h":56}
},
{
	"filename": "1x_erasecursor.png",
	"frame": {"x":1032,"y":0,"w":20,"h":20},
	"rotated": false,
	"trimmed": false,
	"spriteSourceSize": {"x":0,"y":0,"w":20,"h":20},
	"sourceSize": {"w":20,"h":20}
},
{
	"filename": "1x_flash-dark.png",
	"frame": {"x":620,"y":0,"w":54,"h":20},
	"rotated": false,
	"trimmed": false,
	"spriteSourceSize": {"x":0,"y":0,"w":54,"h":20},
	"sourceSize": {"w":54,"h":20}
},
{
	"filename": "1x_flash-hover.png",
	"frame": {"x":438,"y":0,"w":54,"h":20},
	"rotated": false,
	"trimmed": false,
	"spriteSourceSize": {"x":0,"y":0,"w":54,"h":20},
	"sourceSize": {"w":54,"h":20}
},
{
	"filename": "1x_flash-mid.png",
	"frame": {"x":492,"y":0,"w":54,"h":20},
	"rotated": false,
	"trimmed": false,
	"spriteSourceSize": {"x":0,"y":0,"w":54,"h":20},
	"sourceSize": {"w":54,"h":20}
},
{
	"filename": "1x_flash-pressed.png",
	"frame": {"x":836,"y":0,"w":54,"h":20},
	"rotated": false,
	"trimmed": false,
	"spriteSourceSize": {"x":0,"y":0,"w":54,"h":20},
	"sourceSize": {"w":54,"h":20}
},
{
	"filename": "1x_greencursor.png",
	"frame": {"x":1806,"y":0,"w":24,"h":24},
	"rotated": false,
	"trimmed": false,
	"spriteSourceSize": {"x":0,"y":0,"w":24,"h":24},
	"sourceSize": {"w":24,"h":24}
},
{
	"filename": "1x_greenpen-active.png",
	"frame": {"x":1678,"y":164,"w":56,"h":56},
	"rotated": false,
	"trimmed": false,
	"spriteSourceSize": {"x":0,"y":0,"w":56,"h":56},
	"sourceSize": {"w":56,"h":56}
},
{
	"filename": "1x_greenpen-hover.png",
	"frame": {"x":1118,"y":164,"w":56,"h":56},
	"rotated": false,
	"trimmed": false,
	"spriteSourceSize": {"x":0,"y":0,"w":56,"h":56},
	"sourceSize": {"w":56,"h":56}
},
{
	"filename": "1x_greenpen-pressed.png",
	"frame": {"x":894,"y":164,"w":56,"h":56},
	"rotated": false,
	"trimmed": false,
	"spriteSourceSize": {"x":0,"y":0,"w":56,"h":56},
	"sourceSize": {"w":56,"h":56}
},
{
	"filename": "1x_greenpen.png",
	"frame": {"x":1622,"y":164,"w":56,"h":56},
	"rotated": false,
	"trimmed": false,
	"spriteSourceSize": {"x":0,"y":0,"w":56,"h":56},
	"sourceSize": {"w":56,"h":56}
},
{
	"filename": "1x_greenpen_active.png",
	"frame": {"x":1846,"y":164,"w":56,"h":56},
	"rotated": false,
	"trimmed": false,
	"spriteSourceSize": {"x":0,"y":0,"w":56,"h":56},
	"sourceSize": {"w":56,"h":56}
},
{
	"filename": "1x_greenpen_hover.png",
	"frame": {"x":280,"y":220,"w":56,"h":56},
	"rotated": false,
	"trimmed": false,
	"spriteSourceSize": {"x":0,"y":0,"w":56,"h":56},
	"sourceSize": {"w":56,"h":56}
},
{
	"filename": "1x_greenpen_pressed.png",
	"frame": {"x":336,"y":220,"w":56,"h":56},
	"rotated": false,
	"trimmed": false,
	"spriteSourceSize": {"x":0,"y":0,"w":56,"h":56},
	"sourceSize": {"w":56,"h":56}
},
{
	"filename": "1x_infinity-doc-icon_16x16.png",
	"frame": {"x":360,"y":0,"w":16,"h":16},
	"rotated": false,
	"trimmed": false,
	"spriteSourceSize": {"x":0,"y":0,"w":16,"h":16},
	"sourceSize": {"w":16,"h":16}
},
{
	"filename": "1x_infinity-doc-icon_32x32.png",
	"frame": {"x":704,"y":24,"w":32,"h":32},
	"rotated": false,
	"trimmed": false,
	"spriteSourceSize": {"x":0,"y":0,"w":32,"h":32},
	"sourceSize": {"w":32,"h":32}
},
{
	"filename": "1x_InfinityLogoSmall.png",
	"frame": {"x":1536,"y":220,"w":64,"h":64},
	"rotated": false,
	"trimmed": false,
	"spriteSourceSize": {"x":0,"y":0,"w":64,"h":64},
	"sourceSize": {"w":64,"h":64}
},
{
	"filename": "1x_instr_track_icon.png",
	"frame": {"x":376,"y":0,"w":16,"h":16},
	"rotated": false,
	"trimmed": false,
	"spriteSourceSize": {"x":0,"y":0,"w":16,"h":16},
	"sourceSize": {"w":16,"h":16}
},
{
	"filename": "1x_kill-dark.png",
	"frame": {"x":728,"y":0,"w":54,"h":20},
	"rotated": false,
	"trimmed": false,
	"spriteSourceSize": {"x":0,"y":0,"w":54,"h":20},
	"sourceSize": {"w":54,"h":20}
},
{
	"filename": "1x_kill-hover.png",
	"frame": {"x":782,"y":0,"w":54,"h":20},
	"rotated": false,
	"trimmed": false,
	"spriteSourceSize": {"x":0,"y":0,"w":54,"h":20},
	"sourceSize": {"w":54,"h":20}
},
{
	"filename": "1x_kill-mid.png",
	"frame": {"x":674,"y":0,"w":54,"h":20},
	"rotated": false,
	"trimmed": false,
	"spriteSourceSize": {"x":0,"y":0,"w":54,"h":20},
	"sourceSize": {"w":54,"h":20}
},
{
	"filename": "1x_kill-pressed.png",
	"frame": {"x":566,"y":0,"w":54,"h":20},
	"rotated": false,
	"trimmed": false,
	"spriteSourceSize": {"x":0,"y":0,"w":54,"h":20},
	"sourceSize": {"w":54,"h":20}
},
{
	"filename": "1x_LargeLogo.png",
	"frame": {"x":1166,"y":912,"w":461,"h":209},
	"rotated": false,
	"trimmed": false,
	"spriteSourceSize": {"x":0,"y":0,"w":461,"h":209},
	"sourceSize": {"w":461,"h":209}
},
{
	"filename": "1x_left_arrow.png",
	"frame": {"x":300,"y":164,"w":60,"h":52},
	"rotated": false,
	"trimmed": false,
	"spriteSourceSize": {"x":0,"y":0,"w":60,"h":52},
	"sourceSize": {"w":60,"h":52}
},
{
	"filename": "1x_left_hover.png",
	"frame": {"x":1585,"y":112,"w":60,"h":52},
	"rotated": false,
	"trimmed": false,
	"spriteSourceSize": {"x":0,"y":0,"w":60,"h":52},
	"sourceSize": {"w":60,"h":52}
},
{
	"filename": "1x_left_mousedown.png",
	"frame": {"x":1705,"y":112,"w":60,"h":52},
	"rotated": false,
	"trimmed": false,
	"spriteSourceSize": {"x":0,"y":0,"w":60,"h":52},
	"sourceSize": {"w":60,"h":52}
},
{
	"filename": "1x_midi_track_icon.png",
	"frame": {"x":392,"y":0,"w":17,"h":16},
	"rotated": false,
	"trimmed": false,
	"spriteSourceSize": {"x":0,"y":0,"w":17,"h":16},
	"sourceSize": {"w":17,"h":16}
},
{
	"filename": "1x_play-active.png",
	"frame": {"x":1256,"y":220,"w":57,"h":57},
	"rotated": false,
	"trimmed": false,
	"spriteSourceSize": {"x":0,"y":0,"w":57,"h":57},
	"sourceSize": {"w":57,"h":57}
},
{
	"filename": "1x_play-hover.png",
	"frame": {"x":449,"y":220,"w":57,"h":57},
	"rotated": false,
	"trimmed": false,
	"spriteSourceSize": {"x":0,"y":0,"w":57,"h":57},
	"sourceSize": {"w":57,"h":57}
},
{
	"filename": "1x_play-pressed.png",
	"frame": {"x":1028,"y":220,"w":57,"h":57},
	"rotated": false,
	"trimmed": false,
	"spriteSourceSize": {"x":0,"y":0,"w":57,"h":57},
	"sourceSize": {"w":57,"h":57}
},
{
	"filename": "1x_play.png",
	"frame": {"x":1085,"y":220,"w":57,"h":57},
	"rotated": false,
	"trimmed": false,
	"spriteSourceSize": {"x":0,"y":0,"w":57,"h":57},
	"sourceSize": {"w":57,"h":57}
},
{
	"filename": "1x_play_img.png",
	"frame": {"x":971,"y":220,"w":57,"h":57},
	"rotated": false,
	"trimmed": false,
	"spriteSourceSize": {"x":0,"y":0,"w":57,"h":57},
	"sourceSize": {"w":57,"h":57}
},
{
	"filename": "1x_rec-active.png",
	"frame": {"x":1142,"y":220,"w":57,"h":57},
	"rotated": false,
	"trimmed": false,
	"spriteSourceSize": {"x":0,"y":0,"w":57,"h":57},
	"sourceSize": {"w":57,"h":57}
},
{
	"filename": "1x_rec-hover.png",
	"frame": {"x":1199,"y":220,"w":57,"h":57},
	"rotated": false,
	"trimmed": false,
	"spriteSourceSize": {"x":0,"y":0,"w":57,"h":57},
	"sourceSize": {"w":57,"h":57}
},
{
	"filename": "1x_rec-pressed.png",
	"frame": {"x":1370,"y":220,"w":57,"h":57},
	"rotated": false,
	"trimmed": false,
	"spriteSourceSize": {"x":0,"y":0,"w":57,"h":57},
	"sourceSize": {"w":57,"h":57}
},
{
	"filename": "1x_rec.png",
	"frame": {"x":1427,"y":220,"w":57,"h":57},
	"rotated": false,
	"trimmed": false,
	"spriteSourceSize": {"x":0,"y":0,"w":57,"h":57},
	"sourceSize": {"w":57,"h":57}
},
{
	"filename": "1x_redcursor.png",
	"frame": {"x":1211,"y":0,"w":24,"h":24},
	"rotated": false,
	"trimmed": false,
	"spriteSourceSize": {"x":0,"y":0,"w":24,"h":24},
	"sourceSize": {"w":24,"h":24}
},
{
	"filename": "1x_redpen-active.png",
	"frame": {"x":224,"y":220,"w":56,"h":56},
	"rotated": false,
	"trimmed": false,
	"spriteSourceSize": {"x":0,"y":0,"w":56,"h":56},
	"sourceSize": {"w":56,"h":56}
},
{
	"filename": "1x_redpen-hover.png",
	"frame": {"x":1734,"y":164,"w":56,"h":56},
	"rotated": false,
	"trimmed": false,
	"spriteSourceSize": {"x":0,"y":0,"w":56,"h":56},
	"sourceSize": {"w":56,"h":56}
},
{
	"filename": "1x_redpen-pressed.png",
	"frame": {"x":1790,"y":164,"w":56,"h":56},
	"rotated": false,
	"trimmed": false,
	"spriteSourceSize": {"x":0,"y":0,"w":56,"h":56},
	"sourceSize": {"w":56,"h":56}
},
{
	"filename": "1x_redpen.png",
	"frame": {"x":0,"y":220,"w":56,"h":56},
	"rotated": false,
	"trimmed": false,
	"spriteSourceSize": {"x":0,"y":0,"w":56,"h":56},
	"sourceSize": {"w":56,"h":56}
},
{
	"filename": "1x_redpen_active.png",
	"frame": {"x":168,"y":220,"w":56,"h":56},
	"rotated": false,
	"trimmed": false,
	"spriteSourceSize": {"x":0,"y":0,"w":56,"h":56},
	"sourceSize": {"w":56,"h":56}
},
{
	"filename": "1x_redpen_hover.png",
	"frame": {"x":56,"y":220,"w":56,"h":56},
	"rotated": false,
	"trimmed": false,
	"spriteSourceSize": {"x":0,"y":0,"w":56,"h":56},
	"sourceSize": {"w":56,"h":56}
},
{
	"filename": "1x_redpen_pressed.png",
	"frame": {"x":112,"y":220,"w":56,"h":56},
	"rotated": false,
	"trimmed": false,
	"spriteSourceSize": {"x":0,"y":0,"w":56,"h":56},
	"sourceSize": {"w":56,"h":56}
},
{
	"filename": "1x_region-menu-hover.png",
	"frame": {"x":257,"y":0,"w":14,"h":14},
	"rotated": false,
	"trimmed": false,
	"spriteSourceSize": {"x":0,"y":0,"w":14,"h":14},
	"sourceSize": {"w":14,"h":14}
},
{
	"filename": "1x_right_arrow.png",
	"frame": {"x":1645,"y":112,"w":60,"h":52},
	"rotated": false,
	"trimmed": false,
	"spriteSourceSize": {"x":0,"y":0,"w":60,"h":52},
	"sourceSize": {"w":60,"h":52}
},
{
	"filename": "1x_right_hover.png",
	"frame": {"x":0,"y":164,"w":60,"h":52},
	"rotated": false,
	"trimmed": false,
	"spriteSourceSize": {"x":0,"y":0,"w":60,"h":52},
	"sourceSize": {"w":60,"h":52}
},
{
	"filename": "1x_right_mousedown.png",
	"frame": {"x":564,"y":164,"w":60,"h":52},
	"rotated": false,
	"trimmed": false,
	"spriteSourceSize": {"x":0,"y":0,"w":60,"h":52},
	"sourceSize": {"w":60,"h":52}
},
{
	"filename": "1x_start-hover.png",
	"frame": {"x":392,"y":220,"w":57,"h":57},
	"rotated": false,
	"trimmed": false,
	"spriteSourceSize": {"x":0,"y":0,"w":57,"h":57},
	"sourceSize": {"w":57,"h":57}
},
{
	"filename": "1x_start-pressed.png",
	"frame": {"x":797,"y":220,"w":57,"h":57},
	"rotated": false,
	"trimmed": false,
	"spriteSourceSize": {"x":0,"y":0,"w":57,"h":57},
	"sourceSize": {"w":57,"h":57}
},
{
	"filename": "1x_start.png",
	"frame": {"x":1313,"y":220,"w":57,"h":57},
	"rotated": false,
	"trimmed": false,
	"spriteSourceSize": {"x":0,"y":0,"w":57,"h":57},
	"sourceSize": {"w":57,"h":57}
},
{
	"filename": "1x_track-audition-active.png",
	"frame": {"x":187,"y":0,"w":14,"h":14},
	"rotated": false,
	"trimmed": false,
	"spriteSourceSize": {"x":0,"y":0,"w":14,"h":14},
	"sourceSize": {"w":14,"h":14}
},
{
	"filename": "1x_track-audition-hover.png",
	"frame": {"x":201,"y":0,"w":14,"h":14},
	"rotated": false,
	"trimmed": false,
	"spriteSourceSize": {"x":0,"y":0,"w":14,"h":14},
	"sourceSize": {"w":14,"h":14}
},
{
	"filename": "1x_track-audition-inactive.png",
	"frame": {"x":229,"y":0,"w":14,"h":14},
	"rotated": false,
	"trimmed": false,
	"spriteSourceSize": {"x":0,"y":0,"w":14,"h":14},
	"sourceSize": {"w":14,"h":14}
},
{
	"filename": "1x_track-audition-pressed.png",
	"frame": {"x":243,"y":0,"w":14,"h":14},
	"rotated": false,
	"trimmed": false,
	"spriteSourceSize": {"x":0,"y":0,"w":14,"h":14},
	"sourceSize": {"w":14,"h":14}
},
{
	"filename": "1x_track-hoveraudition-off.png",
	"frame": {"x":271,"y":0,"w":14,"h":14},
	"rotated": false,
	"trimmed": false,
	"spriteSourceSize": {"x":0,"y":0,"w":14,"h":14},
	"sourceSize": {"w":14,"h":14}
},
{
	"filename": "1x_track-hoveraudition-on.png",
	"frame": {"x":285,"y":0,"w":14,"h":14},
	"rotated": false,
	"trimmed": false,
	"spriteSourceSize": {"x":0,"y":0,"w":14,"h":14},
	"sourceSize": {"w":14,"h":14}
},
{
	"filename": "1x_track-menu-active.png",
	"frame": {"x":173,"y":0,"w":14,"h":14},
	"rotated": false,
	"trimmed": false,
	"spriteSourceSize": {"x":0,"y":0,"w":14,"h":14},
	"sourceSize": {"w":14,"h":14}
},
{
	"filename": "1x_track-menu-hover.png",
	"frame": {"x":215,"y":0,"w":14,"h":14},
	"rotated": false,
	"trimmed": false,
	"spriteSourceSize": {"x":0,"y":0,"w":14,"h":14},
	"sourceSize": {"w":14,"h":14}
},
{
	"filename": "1x_track-menu-normal.png",
	"frame": {"x":145,"y":0,"w":14,"h":14},
	"rotated": false,
	"trimmed": false,
	"spriteSourceSize": {"x":0,"y":0,"w":14,"h":14},
	"sourceSize": {"w":14,"h":14}
},
{
	"filename": "1x_track-onoff-active.png",
	"frame": {"x":89,"y":0,"w":14,"h":14},
	"rotated": false,
	"trimmed": false,
	"spriteSourceSize": {"x":0,"y":0,"w":14,"h":14},
	"sourceSize": {"w":14,"h":14}
},
{
	"filename": "1x_track-onoff-hover.png",
	"frame": {"x":103,"y":0,"w":14,"h":14},
	"rotated": false,
	"trimmed": false,
	"spriteSourceSize": {"x":0,"y":0,"w":14,"h":14},
	"sourceSize": {"w":14,"h":14}
},
{
	"filename": "1x_track-onoff-inactive.png",
	"frame": {"x":313,"y":0,"w":14,"h":14},
	"rotated": false,
	"trimmed": false,
	"spriteSourceSize": {"x":0,"y":0,"w":14,"h":14},
	"sourceSize": {"w":14,"h":14}
},
{
	"filename": "1x_track-onoff-pressed.png",
	"frame": {"x":159,"y":0,"w":14,"h":14},
	"rotated": false,
	"trimmed": false,
	"spriteSourceSize": {"x":0,"y":0,"w":14,"h":14},
	"sourceSize": {"w":14,"h":14}
},
{
	"filename": "1x_track-solo-active.png",
	"frame": {"x":131,"y":0,"w":14,"h":14},
	"rotated": false,
	"trimmed": false,
	"spriteSourceSize": {"x":0,"y":0,"w":14,"h":14},
	"sourceSize": {"w":14,"h":14}
},
{
	"filename": "1x_track-solo-hover.png",
	"frame": {"x":117,"y":0,"w":14,"h":14},
	"rotated": false,
	"trimmed": false,
	"spriteSourceSize": {"x":0,"y":0,"w":14,"h":14},
	"sourceSize": {"w":14,"h":14}
},
{
	"filename": "1x_track-solo-inactive.png",
	"frame": {"x":299,"y":0,"w":14,"h":14},
	"rotated": false,
	"trimmed": false,
	"spriteSourceSize": {"x":0,"y":0,"w":14,"h":14},
	"sourceSize": {"w":14,"h":14}
},
{
	"filename": "1x_track-solo-pressed.png",
	"frame": {"x":327,"y":0,"w":14,"h":14},
	"rotated": false,
	"trimmed": false,
	"spriteSourceSize": {"x":0,"y":0,"w":14,"h":14},
	"sourceSize": {"w":14,"h":14}
},
{
	"filename": "1x_track-type-icon-audio.png",
	"frame": {"x":890,"y":0,"w":21,"h":20},
	"rotated": false,
	"trimmed": false,
	"spriteSourceSize": {"x":0,"y":0,"w":21,"h":20},
	"sourceSize": {"w":21,"h":20}
},
{
	"filename": "1x_track-type-icon-command.png",
	"frame": {"x":931,"y":0,"w":21,"h":20},
	"rotated": false,
	"trimmed": false,
	"spriteSourceSize": {"x":0,"y":0,"w":21,"h":20},
	"sourceSize": {"w":21,"h":20}
},
{
	"filename": "1x_track-type-icon-control.png",
	"frame": {"x":1052,"y":0,"w":21,"h":20},
	"rotated": false,
	"trimmed": false,
	"spriteSourceSize": {"x":0,"y":0,"w":21,"h":20},
	"sourceSize": {"w":21,"h":20}
},
{
	"filename": "1x_track-type-icon-instrument.png",
	"frame": {"x":1094,"y":0,"w":21,"h":20},
	"rotated": false,
	"trimmed": false,
	"spriteSourceSize": {"x":0,"y":0,"w":21,"h":20},
	"sourceSize": {"w":21,"h":20}
},
{
	"filename": "1x_track-type-icon-midi.png",
	"frame": {"x":1073,"y":0,"w":21,"h":20},
	"rotated": false,
	"trimmed": false,
	"spriteSourceSize": {"x":0,"y":0,"w":21,"h":20},
	"sourceSize": {"w":21,"h":20}
},
{
	"filename": "1x_trackmenu-auditiontoggle-auto.png",
	"frame": {"x":1163,"y":0,"w":24,"h":23},
	"rotated": false,
	"trimmed": false,
	"spriteSourceSize": {"x":0,"y":0,"w":24,"h":23},
	"sourceSize": {"w":24,"h":23}
},
{
	"filename": "1x_trackmenu-auditiontoggle-manual.png",
	"frame": {"x":1115,"y":0,"w":24,"h":22},
	"rotated": false,
	"trimmed": false,
	"spriteSourceSize": {"x":0,"y":0,"w":24,"h":22},
	"sourceSize": {"w":24,"h":22}
},
{
	"filename": "1x_trackmenu-delete.png",
	"frame": {"x":1139,"y":0,"w":24,"h":23},
	"rotated": false,
	"trimmed": false,
	"spriteSourceSize": {"x":0,"y":0,"w":24,"h":23},
	"sourceSize": {"w":24,"h":23}
},
{
	"filename": "1x_trackmenu-lock-off.png",
	"frame": {"x":1187,"y":0,"w":24,"h":23},
	"rotated": false,
	"trimmed": false,
	"spriteSourceSize": {"x":0,"y":0,"w":24,"h":23},
	"sourceSize": {"w":24,"h":23}
},
{
	"filename": "1x_trackmenu-lock-on.png",
	"frame": {"x":1409,"y":0,"w":24,"h":24},
	"rotated": false,
	"trimmed": false,
	"spriteSourceSize": {"x":0,"y":0,"w":24,"h":24},
	"sourceSize": {"w":24,"h":24}
},
{
	"filename": "1x_up_arrow.png",
	"frame": {"x":360,"y":164,"w":51,"h":52},
	"rotated": false,
	"trimmed": false,
	"spriteSourceSize": {"x":0,"y":0,"w":51,"h":52},
	"sourceSize": {"w":51,"h":52}
},
{
	"filename": "1x_up_hover.png",
	"frame": {"x":624,"y":164,"w":51,"h":52},
	"rotated": false,
	"trimmed": false,
	"spriteSourceSize": {"x":0,"y":0,"w":51,"h":52},
	"sourceSize": {"w":51,"h":52}
},
{
	"filename": "1x_up_mousedown.png",
	"frame": {"x":675,"y":164,"w":51,"h":52},
	"rotated": false,
	"trimmed": false,
	"spriteSourceSize": {"x":0,"y":0,"w":51,"h":52},
	"sourceSize": {"w":51,"h":52}
},
{
	"filename": "1x_volume_slider_chrome.png",
	"frame": {"x":1627,"y":912,"w":55,"h":250},
	"rotated": false,
	"trimmed": false,
	"spriteSourceSize": {"x":0,"y":0,"w":55,"h":250},
	"sourceSize": {"w":55,"h":250}
},
{
	"filename": "1x_vst3_icon.png",
	"frame": {"x":2,"y":0,"w":22,"h":12},
	"rotated": false,
	"trimmed": false,
	"spriteSourceSize": {"x":0,"y":0,"w":22,"h":12},
	"sourceSize": {"w":22,"h":12}
},
{
	"filename": "1x_vst_icon.png",
	"frame": {"x":24,"y":0,"w":22,"h":12},
	"rotated": false,
	"trimmed": false,
	"spriteSourceSize": {"x":0,"y":0,"w":22,"h":12},
	"sourceSize": {"w":22,"h":12}
},
{
	"filename": "1x_za_icon.png",
	"frame": {"x":46,"y":0,"w":21,"h":12},
	"rotated": false,
	"trimmed": false,
	"spriteSourceSize": {"x":0,"y":0,"w":21,"h":12},
	"sourceSize": {"w":21,"h":12}
},
{
	"filename": "1x_zenaudio-logo-black.png",
	"frame": {"x":1600,"y":220,"w":301,"h":86},
	"rotated": false,
	"trimmed": false,
	"spriteSourceSize": {"x":0,"y":0,"w":301,"h":86},
	"sourceSize": {"w":301,"h":86}
},
{
	"filename": "1x_zenaudio-logo-blue.png",
	"frame": {"x":1433,"y":0,"w":301,"h":24},
	"rotated": false,
	"trimmed": false,
	"spriteSourceSize": {"x":0,"y":0,"w":301,"h":24},
	"sourceSize": {"w":301,"h":24}
},
{
	"filename": "1x_zenAudioLogoSmall.png",
	"frame": {"x":0,"y":24,"w":200,"h":25},
	"rotated": false,
	"trimmed": false,
	"spriteSourceSize": {"x":0,"y":0,"w":200,"h":25},
	"sourceSize": {"w":200,"h":25}
},
{
	"filename": "1x_zoom-active.png",
	"frame": {"x":506,"y":220,"w":57,"h":57},
	"rotated": false,
	"trimmed": false,
	"spriteSourceSize": {"x":0,"y":0,"w":57,"h":57},
	"sourceSize": {"w":57,"h":57}
},
{
	"filename": "1x_zoom-cursor.png",
	"frame": {"x":840,"y":24,"w":26,"h":32},
	"rotated": false,
	"trimmed": false,
	"spriteSourceSize": {"x":0,"y":0,"w":26,"h":32},
	"sourceSize": {"w":26,"h":32}
},
{
	"filename": "1x_zoom-hover.png",
	"frame": {"x":563,"y":220,"w":57,"h":57},
	"rotated": false,
	"trimmed": false,
	"spriteSourceSize": {"x":0,"y":0,"w":57,"h":57},
	"sourceSize": {"w":57,"h":57}
},
{
	"filename": "1x_zoom-pressed.png",
	"frame": {"x":680,"y":220,"w":57,"h":57},
	"rotated": false,
	"trimmed": false,
	"spriteSourceSize": {"x":0,"y":0,"w":57,"h":57},
	"sourceSize": {"w":57,"h":57}
},
{
	"filename": "1x_zoom.png",
	"frame": {"x":914,"y":220,"w":57,"h":57},
	"rotated": false,
	"trimmed": false,
	"spriteSourceSize": {"x":0,"y":0,"w":57,"h":57},
	"sourceSize": {"w":57,"h":57}
},
{
	"filename": "2x_add-hover.png",
	"frame": {"x":1482,"y":627,"w":119,"h":114},
	"rotated": false,
	"trimmed": false,
	"spriteSourceSize": {"x":0,"y":0,"w":119,"h":114},
	"sourceSize": {"w":119,"h":114}
},
{
	"filename": "2x_add-pressed.png",
	"frame": {"x":1244,"y":627,"w":119,"h":114},
	"rotated": false,
	"trimmed": false,
	"spriteSourceSize": {"x":0,"y":0,"w":119,"h":114},
	"sourceSize": {"w":119,"h":114}
},
{
	"filename": "2x_add.png",
	"frame": {"x":1363,"y":627,"w":119,"h":114},
	"rotated": false,
	"trimmed": false,
	"spriteSourceSize": {"x":0,"y":0,"w":119,"h":114},
	"sourceSize": {"w":119,"h":114}
},
{
	"filename": "2x_alk2logo.png",
	"frame": {"x":0,"y":404,"w":1166,"h":98},
	"rotated": false,
	"trimmed": false,
	"spriteSourceSize": {"x":0,"y":0,"w":1166,"h":98},
	"sourceSize": {"w":1166,"h":98}
},
{
	"filename": "2x_alk2solo_logo_activation.png",
	"frame": {"x":0,"y":306,"w":1550,"h":98},
	"rotated": false,
	"trimmed": false,
	"spriteSourceSize": {"x":0,"y":0,"w":1550,"h":98},
	"sourceSize": {"w":1550,"h":98}
},
{
	"filename": "2x_alk2solo_logo_inapp.png",
	"frame": {"x":0,"y":912,"w":1166,"h":200},
	"rotated": false,
	"trimmed": false,
	"spriteSourceSize": {"x":0,"y":0,"w":1166,"h":200},
	"sourceSize": {"w":1166,"h":200}
},
{
	"filename": "2x_arrow-active.png",
	"frame": {"x":555,"y":515,"w":111,"h":111},
	"rotated": false,
	"trimmed": false,
	"spriteSourceSize": {"x":0,"y":0,"w":111,"h":111},
	"sourceSize": {"w":111,"h":111}
},
{
	"filename": "2x_arrow-hover.png",
	"frame": {"x":333,"y":515,"w":111,"h":111},
	"rotated": false,
	"trimmed": false,
	"spriteSourceSize": {"x":0,"y":0,"w":111,"h":111},
	"sourceSize": {"w":111,"h":111}
},
{
	"filename": "2x_arrow-left-thick.png",
	"frame": {"x":1320,"y":64,"w":48,"h":48},
	"rotated": false,
	"trimmed": false,
	"spriteSourceSize": {"x":0,"y":0,"w":48,"h":48},
	"sourceSize": {"w":48,"h":48}
},
{
	"filename": "2x_arrow-pressed.png",
	"frame": {"x":999,"y":515,"w":111,"h":111},
	"rotated": false,
	"trimmed": false,
	"spriteSourceSize": {"x":0,"y":0,"w":111,"h":111},
	"sourceSize": {"w":111,"h":111}
},
{
	"filename": "2x_arrow-right-thick.png",
	"frame": {"x":1176,"y":64,"w":48,"h":48},
	"rotated": false,
	"trimmed": false,
	"spriteSourceSize": {"x":0,"y":0,"w":48,"h":48},
	"sourceSize": {"w":48,"h":48}
},
{
	"filename": "2x_arrow-up-thick.png",
	"frame": {"x":1224,"y":64,"w":48,"h":48},
	"rotated": false,
	"trimmed": false,
	"spriteSourceSize": {"x":0,"y":0,"w":48,"h":48},
	"sourceSize": {"w":48,"h":48}
},
{
	"filename": "2x_arrow.png",
	"frame": {"x":444,"y":515,"w":111,"h":111},
	"rotated": false,
	"trimmed": false,
	"spriteSourceSize": {"x":0,"y":0,"w":111,"h":111},
	"sourceSize": {"w":111,"h":111}
},
{
	"filename": "2x_arrow_active.png",
	"frame": {"x":339,"y":627,"w":113,"h":113},
	"rotated": false,
	"trimmed": false,
	"spriteSourceSize": {"x":0,"y":0,"w":113,"h":113},
	"sourceSize": {"w":113,"h":113}
},
{
	"filename": "2x_arrow_hover.png",
	"frame": {"x":678,"y":627,"w":113,"h":113},
	"rotated": false,
	"trimmed": false,
	"spriteSourceSize": {"x":0,"y":0,"w":113,"h":113},
	"sourceSize": {"w":113,"h":113}
},
{
	"filename": "2x_arrow_pressed.png",
	"frame": {"x":113,"y":627,"w":113,"h":113},
	"rotated": false,
	"trimmed": false,
	"spriteSourceSize": {"x":0,"y":0,"w":113,"h":113},
	"sourceSize": {"w":113,"h":113}
},
{
	"filename": "2x_au_icon.png",
	"frame": {"x":1235,"y":0,"w":44,"h":24},
	"rotated": false,
	"trimmed": false,
	"spriteSourceSize": {"x":0,"y":0,"w":44,"h":24},
	"sourceSize": {"w":44,"h":24}
},
{
	"filename": "2x_audio_track_icon.png",
	"frame": {"x":802,"y":24,"w":38,"h":32},
	"rotated": false,
	"trimmed": false,
	"spriteSourceSize": {"x":0,"y":0,"w":38,"h":32},
	"sourceSize": {"w":38,"h":32}
},
{
	"filename": "2x_autom-dest-hover.png",
	"frame": {"x":1787,"y":24,"w":40,"h":40},
	"rotated": false,
	"trimmed": false,
	"spriteSourceSize": {"x":0,"y":0,"w":40,"h":40},
	"sourceSize": {"w":40,"h":40}
},
{
	"filename": "2x_autom-dest-pressed.png",
	"frame": {"x":80,"y":64,"w":40,"h":40},
	"rotated": false,
	"trimmed": false,
	"spriteSourceSize": {"x":0,"y":0,"w":40,"h":40},
	"sourceSize": {"w":40,"h":40}
},
{
	"filename": "2x_autom-dest.png",
	"frame": {"x":40,"y":64,"w":40,"h":40},
	"rotated": false,
	"trimmed": false,
	"spriteSourceSize": {"x":0,"y":0,"w":40,"h":40},
	"sourceSize": {"w":40,"h":40}
},
{
	"filename": "2x_browser-left-overlay.png",
	"frame": {"x":1682,"y":912,"w":176,"h":346},
	"rotated": false,
	"trimmed": false,
	"spriteSourceSize": {"x":0,"y":0,"w":176,"h":346},
	"sourceSize": {"w":176,"h":346}
},
{
	"filename": "2x_browser-right-overlay.png",
	"frame": {"x":0,"y":1258,"w":176,"h":346},
	"rotated": false,
	"trimmed": false,
	"spriteSourceSize": {"x":0,"y":0,"w":176,"h":346},
	"sourceSize": {"w":176,"h":346}
},
{
	"filename": "2x_command_track_icon.png",
	"frame": {"x":930,"y":24,"w":26,"h":34},
	"rotated": false,
	"trimmed": false,
	"spriteSourceSize": {"x":0,"y":0,"w":26,"h":34},
	"sourceSize": {"w":26,"h":34}
},
{
	"filename": "2x_control_track_icon.png",
	"frame": {"x":736,"y":24,"w":32,"h":32},
	"rotated": false,
	"trimmed": false,
	"spriteSourceSize": {"x":0,"y":0,"w":32,"h":32},
	"sourceSize": {"w":32,"h":32}
},
{
	"filename": "2x_curve-editor-hover.png",
	"frame": {"x":1869,"y":24,"w":40,"h":40},
	"rotated": false,
	"trimmed": false,
	"spriteSourceSize": {"x":0,"y":0,"w":40,"h":40},
	"sourceSize": {"w":40,"h":40}
},
{
	"filename": "2x_curve-editor-pressed.png",
	"frame": {"x":0,"y":64,"w":40,"h":40},
	"rotated": false,
	"trimmed": false,
	"spriteSourceSize": {"x":0,"y":0,"w":40,"h":40},
	"sourceSize": {"w":40,"h":40}
},
{
	"filename": "2x_curve-editor.png",
	"frame": {"x":1539,"y":24,"w":40,"h":40},
	"rotated": false,
	"trimmed": false,
	"spriteSourceSize": {"x":0,"y":0,"w":40,"h":40},
	"sourceSize": {"w":40,"h":40}
},
{
	"filename": "2x_erase-active.png",
	"frame": {"x":888,"y":515,"w":111,"h":111},
	"rotated": false,
	"trimmed": false,
	"spriteSourceSize": {"x":0,"y":0,"w":111,"h":111},
	"sourceSize": {"w":111,"h":111}
},
{
	"filename": "2x_erase-hover.png",
	"frame": {"x":666,"y":515,"w":111,"h":111},
	"rotated": false,
	"trimmed": false,
	"spriteSourceSize": {"x":0,"y":0,"w":111,"h":111},
	"sourceSize": {"w":111,"h":111}
},
{
	"filename": "2x_erase-pressed.png",
	"frame": {"x":1443,"y":515,"w":111,"h":111},
	"rotated": false,
	"trimmed": false,
	"spriteSourceSize": {"x":0,"y":0,"w":111,"h":111},
	"sourceSize": {"w":111,"h":111}
},
{
	"filename": "2x_erase.png",
	"frame": {"x":777,"y":515,"w":111,"h":111},
	"rotated": false,
	"trimmed": false,
	"spriteSourceSize": {"x":0,"y":0,"w":111,"h":111},
	"sourceSize": {"w":111,"h":111}
},
{
	"filename": "2x_erase_active.png",
	"frame": {"x":791,"y":627,"w":113,"h":113},
	"rotated": false,
	"trimmed": false,
	"spriteSourceSize": {"x":0,"y":0,"w":113,"h":113},
	"sourceSize": {"w":113,"h":113}
},
{
	"filename": "2x_erase_hover.png",
	"frame": {"x":1017,"y":627,"w":113,"h":113},
	"rotated": false,
	"trimmed": false,
	"spriteSourceSize": {"x":0,"y":0,"w":113,"h":113},
	"sourceSize": {"w":113,"h":113}
},
{
	"filename": "2x_erase_pressed.png",
	"frame": {"x":904,"y":627,"w":113,"h":113},
	"rotated": false,
	"trimmed": false,
	"spriteSourceSize": {"x":0,"y":0,"w":113,"h":113},
	"sourceSize": {"w":113,"h":113}
},
{
	"filename": "2x_erasecursor.png",
	"frame": {"x":1621,"y":24,"w":40,"h":40},
	"rotated": false,
	"trimmed": false,
	"spriteSourceSize": {"x":0,"y":0,"w":40,"h":40},
	"sourceSize": {"w":40,"h":40}
},
{
	"filename": "2x_flash-dark.png",
	"frame": {"x":876,"y":64,"w":108,"h":41},
	"rotated": false,
	"trimmed": false,
	"spriteSourceSize": {"x":0,"y":0,"w":108,"h":41},
	"sourceSize": {"w":108,"h":41}
},
{
	"filename": "2x_flash-hover.png",
	"frame": {"x":660,"y":64,"w":108,"h":41},
	"rotated": false,
	"trimmed": false,
	"spriteSourceSize": {"x":0,"y":0,"w":108,"h":41},
	"sourceSize": {"w":108,"h":41}
},
{
	"filename": "2x_flash-mid.png",
	"frame": {"x":552,"y":64,"w":108,"h":41},
	"rotated": false,
	"trimmed": false,
	"spriteSourceSize": {"x":0,"y":0,"w":108,"h":41},
	"sourceSize": {"w":108,"h":41}
},
{
	"filename": "2x_flash-pressed.png",
	"frame": {"x":768,"y":64,"w":108,"h":41},
	"rotated": false,
	"trimmed": false,
	"spriteSourceSize": {"x":0,"y":0,"w":108,"h":41},
	"sourceSize": {"w":108,"h":41}
},
{
	"filename": "2x_greencursor.png",
	"frame": {"x":1368,"y":64,"w":48,"h":48},
	"rotated": false,
	"trimmed": false,
	"spriteSourceSize": {"x":0,"y":0,"w":48,"h":48},
	"sourceSize": {"w":48,"h":48}
},
{
	"filename": "2x_greenpen-active.png",
	"frame": {"x":222,"y":515,"w":111,"h":111},
	"rotated": false,
	"trimmed": false,
	"spriteSourceSize": {"x":0,"y":0,"w":111,"h":111},
	"sourceSize": {"w":111,"h":111}
},
{
	"filename": "2x_greenpen-hover.png",
	"frame": {"x":0,"y":515,"w":111,"h":111},
	"rotated": false,
	"trimmed": false,
	"spriteSourceSize": {"x":0,"y":0,"w":111,"h":111},
	"sourceSize": {"w":111,"h":111}
},
{
	"filename": "2x_greenpen-pressed.png",
	"frame": {"x":111,"y":515,"w":111,"h":111},
	"rotated": false,
	"trimmed": false,
	"spriteSourceSize": {"x":0,"y":0,"w":111,"h":111},
	"sourceSize": {"w":111,"h":111}
},
{
	"filename": "2x_greenpen.png",
	"frame": {"x":1749,"y":404,"w":111,"h":111},
	"rotated": false,
	"trimmed": false,
	"spriteSourceSize": {"x":0,"y":0,"w":111,"h":111},
	"sourceSize": {"w":111,"h":111}
},
{
	"filename": "2x_greenpen_active.png",
	"frame": {"x":565,"y":627,"w":113,"h":113},
	"rotated": false,
	"trimmed": false,
	"spriteSourceSize": {"x":0,"y":0,"w":113,"h":113},
	"sourceSize": {"w":113,"h":113}
},
{
	"filename": "2x_greenpen_hover.png",
	"frame": {"x":226,"y":627,"w":113,"h":113},
	"rotated": false,
	"trimmed": false,
	"spriteSourceSize": {"x":0,"y":0,"w":113,"h":113},
	"sourceSize": {"w":113,"h":113}
},
{
	"filename": "2x_greenpen_pressed.png",
	"frame": {"x":452,"y":627,"w":113,"h":113},
	"rotated": false,
	"trimmed": false,
	"spriteSourceSize": {"x":0,"y":0,"w":113,"h":113},
	"sourceSize": {"w":113,"h":113}
},
{
	"filename": "2x_infinity-doc-icon_16x16.png",
	"frame": {"x":866,"y":24,"w":32,"h":32},
	"rotated": false,
	"trimmed": false,
	"spriteSourceSize": {"x":0,"y":0,"w":32,"h":32},
	"sourceSize": {"w":32,"h":32}
},
{
	"filename": "2x_instr_track_icon.png",
	"frame": {"x":898,"y":24,"w":32,"h":32},
	"rotated": false,
	"trimmed": false,
	"spriteSourceSize": {"x":0,"y":0,"w":32,"h":32},
	"sourceSize": {"w":32,"h":32}
},
{
	"filename": "2x_kill-dark.png",
	"frame": {"x":228,"y":64,"w":108,"h":41},
	"rotated": false,
	"trimmed": false,
	"spriteSourceSize": {"x":0,"y":0,"w":108,"h":41},
	"sourceSize": {"w":108,"h":41}
},
{
	"filename": "2x_kill-hover.png",
	"frame": {"x":444,"y":64,"w":108,"h":41},
	"rotated": false,
	"trimmed": false,
	"spriteSourceSize": {"x":0,"y":0,"w":108,"h":41},
	"sourceSize": {"w":108,"h":41}
},
{
	"filename": "2x_kill-mid.png",
	"frame": {"x":120,"y":64,"w":108,"h":41},
	"rotated": false,
	"trimmed": false,
	"spriteSourceSize": {"x":0,"y":0,"w":108,"h":41},
	"sourceSize": {"w":108,"h":41}
},
{
	"filename": "2x_kill-pressed.png",
	"frame": {"x":336,"y":64,"w":108,"h":41},
	"rotated": false,
	"trimmed": false,
	"spriteSourceSize": {"x":0,"y":0,"w":108,"h":41},
	"sourceSize": {"w":108,"h":41}
},
{
	"filename": "2x_LargeLogo.png",
	"frame": {"x":576,"y":1258,"w":922,"h":418},
	"rotated": false,
	"trimmed": false,
	"spriteSourceSize": {"x":0,"y":0,"w":922,"h":418},
	"sourceSize": {"w":922,"h":418}
},
{
	"filename": "2x_left_arrow.png",
	"frame": {"x":1765,"y":112,"w":60,"h":52},
	"rotated": false,
	"trimmed": false,
	"spriteSourceSize": {"x":0,"y":0,"w":60,"h":52},
	"sourceSize": {"w":60,"h":52}
},
{
	"filename": "2x_left_hover.png",
	"frame": {"x":180,"y":164,"w":60,"h":52},
	"rotated": false,
	"trimmed": false,
	"spriteSourceSize": {"x":0,"y":0,"w":60,"h":52},
	"sourceSize": {"w":60,"h":52}
},
{
	"filename": "2x_left_mousedown.png",
	"frame": {"x":120,"y":164,"w":60,"h":52},
	"rotated": false,
	"trimmed": false,
	"spriteSourceSize": {"x":0,"y":0,"w":60,"h":52},
	"sourceSize": {"w":60,"h":52}
},
{
	"filename": "2x_midi_track_icon.png",
	"frame": {"x":768,"y":24,"w":34,"h":32},
	"rotated": false,
	"trimmed": false,
	"spriteSourceSize": {"x":0,"y":0,"w":34,"h":32},
	"sourceSize": {"w":34,"h":32}
},
{
	"filename": "2x_play-active.png",
	"frame": {"x":1026,"y":741,"w":114,"h":114},
	"rotated": false,
	"trimmed": false,
	"spriteSourceSize": {"x":0,"y":0,"w":114,"h":114},
	"sourceSize": {"w":114,"h":114}
},
{
	"filename": "2x_play-hover.png",
	"frame": {"x":456,"y":741,"w":114,"h":114},
	"rotated": false,
	"trimmed": false,
	"spriteSourceSize": {"x":0,"y":0,"w":114,"h":114},
	"sourceSize": {"w":114,"h":114}
},
{
	"filename": "2x_play-pressed.png",
	"frame": {"x":342,"y":741,"w":114,"h":114},
	"rotated": false,
	"trimmed": false,
	"spriteSourceSize": {"x":0,"y":0,"w":114,"h":114},
	"sourceSize": {"w":114,"h":114}
},
{
	"filename": "2x_play.png",
	"frame": {"x":570,"y":741,"w":114,"h":114},
	"rotated": false,
	"trimmed": false,
	"spriteSourceSize": {"x":0,"y":0,"w":114,"h":114},
	"sourceSize": {"w":114,"h":114}
},
{
	"filename": "2x_rec-active.png",
	"frame": {"x":684,"y":741,"w":114,"h":114},
	"rotated": false,
	"trimmed": false,
	"spriteSourceSize": {"x":0,"y":0,"w":114,"h":114},
	"sourceSize": {"w":114,"h":114}
},
{
	"filename": "2x_rec-hover.png",
	"frame": {"x":912,"y":741,"w":114,"h":114},
	"rotated": false,
	"trimmed": false,
	"spriteSourceSize": {"x":0,"y":0,"w":114,"h":114},
	"sourceSize": {"w":114,"h":114}
},
{
	"filename": "2x_rec-pressed.png",
	"frame": {"x":1140,"y":741,"w":114,"h":114},
	"rotated": false,
	"trimmed": false,
	"spriteSourceSize": {"x":0,"y":0,"w":114,"h":114},
	"sourceSize": {"w":114,"h":114}
},
{
	"filename": "2x_rec.png",
	"frame": {"x":0,"y":741,"w":114,"h":114},
	"rotated": false,
	"trimmed": false,
	"spriteSourceSize": {"x":0,"y":0,"w":114,"h":114},
	"sourceSize": {"w":114,"h":114}
},
{
	"filename": "2x_redcursor.png",
	"frame": {"x":1416,"y":64,"w":48,"h":48},
	"rotated": false,
	"trimmed": false,
	"spriteSourceSize": {"x":0,"y":0,"w":48,"h":48},
	"sourceSize": {"w":48,"h":48}
},
{
	"filename": "2x_redpen-active.png",
	"frame": {"x":1554,"y":515,"w":111,"h":111},
	"rotated": false,
	"trimmed": false,
	"spriteSourceSize": {"x":0,"y":0,"w":111,"h":111},
	"sourceSize": {"w":111,"h":111}
},
{
	"filename": "2x_redpen-hover.png",
	"frame": {"x":1221,"y":515,"w":111,"h":111},
	"rotated": false,
	"trimmed": false,
	"spriteSourceSize": {"x":0,"y":0,"w":111,"h":111},
	"sourceSize": {"w":111,"h":111}
},
{
	"filename": "2x_redpen-pressed.png",
	"frame": {"x":1332,"y":515,"w":111,"h":111},
	"rotated": false,
	"trimmed": false,
	"spriteSourceSize": {"x":0,"y":0,"w":111,"h":111},
	"sourceSize": {"w":111,"h":111}
},
{
	"filename": "2x_redpen.png",
	"frame": {"x":1110,"y":515,"w":111,"h":111},
	"rotated": false,
	"trimmed": false,
	"spriteSourceSize": {"x":0,"y":0,"w":111,"h":111},
	"sourceSize": {"w":111,"h":111}
},
{
	"filename": "2x_redpen_active.png",
	"frame": {"x":1665,"y":515,"w":113,"h":112},
	"rotated": false,
	"trimmed": false,
	"spriteSourceSize": {"x":0,"y":0,"w":113,"h":112},
	"sourceSize": {"w":113,"h":112}
},
{
	"filename": "2x_redpen_hover.png",
	"frame": {"x":0,"y":627,"w":113,"h":112},
	"rotated": false,
	"trimmed": false,
	"spriteSourceSize": {"x":0,"y":0,"w":113,"h":112},
	"sourceSize": {"w":113,"h":112}
},
{
	"filename": "2x_redpen_pressed.png",
	"frame": {"x":1778,"y":515,"w":113,"h":112},
	"rotated": false,
	"trimmed": false,
	"spriteSourceSize": {"x":0,"y":0,"w":113,"h":112},
	"sourceSize": {"w":113,"h":112}
},
{
	"filename": "2x_region-menu-hover.png",
	"frame": {"x":200,"y":24,"w":28,"h":28},
	"rotated": false,
	"trimmed": false,
	"spriteSourceSize": {"x":0,"y":0,"w":28,"h":28},
	"sourceSize": {"w":28,"h":28}
},
{
	"filename": "2x_right_arrow.png",
	"frame": {"x":1825,"y":112,"w":60,"h":52},
	"rotated": false,
	"trimmed": false,
	"spriteSourceSize": {"x":0,"y":0,"w":60,"h":52},
	"sourceSize": {"w":60,"h":52}
},
{
	"filename": "2x_right_hover.png",
	"frame": {"x":60,"y":164,"w":60,"h":52},
	"rotated": false,
	"trimmed": false,
	"spriteSourceSize": {"x":0,"y":0,"w":60,"h":52},
	"sourceSize": {"w":60,"h":52}
},
{
	"filename": "2x_right_mousedown.png",
	"frame": {"x":240,"y":164,"w":60,"h":52},
	"rotated": false,
	"trimmed": false,
	"spriteSourceSize": {"x":0,"y":0,"w":60,"h":52},
	"sourceSize": {"w":60,"h":52}
},
{
	"filename": "2x_scanline-pattern.png",
	"frame": {"x":176,"y":1258,"w":400,"h":400},
	"rotated": false,
	"trimmed": false,
	"spriteSourceSize": {"x":0,"y":0,"w":400,"h":400},
	"sourceSize": {"w":400,"h":400}
},
{
	"filename": "2x_start-hover.png",
	"frame": {"x":114,"y":741,"w":114,"h":114},
	"rotated": false,
	"trimmed": false,
	"spriteSourceSize": {"x":0,"y":0,"w":114,"h":114},
	"sourceSize": {"w":114,"h":114}
},
{
	"filename": "2x_start-pressed.png",
	"frame": {"x":228,"y":741,"w":114,"h":114},
	"rotated": false,
	"trimmed": false,
	"spriteSourceSize": {"x":0,"y":0,"w":114,"h":114},
	"sourceSize": {"w":114,"h":114}
},
{
	"filename": "2x_start.png",
	"frame": {"x":798,"y":741,"w":114,"h":114},
	"rotated": false,
	"trimmed": false,
	"spriteSourceSize": {"x":0,"y":0,"w":114,"h":114},
	"sourceSize": {"w":114,"h":114}
},
{
	"filename": "2x_track-audition-active.png",
	"frame": {"x":536,"y":24,"w":28,"h":28},
	"rotated": false,
	"trimmed": false,
	"spriteSourceSize": {"x":0,"y":0,"w":28,"h":28},
	"sourceSize": {"w":28,"h":28}
},
{
	"filename": "2x_track-audition-hover.png",
	"frame": {"x":340,"y":24,"w":28,"h":28},
	"rotated": false,
	"trimmed": false,
	"spriteSourceSize": {"x":0,"y":0,"w":28,"h":28},
	"sourceSize": {"w":28,"h":28}
},
{
	"filename": "2x_track-audition-inactive.png",
	"frame": {"x":368,"y":24,"w":28,"h":28},
	"rotated": false,
	"trimmed": false,
	"spriteSourceSize": {"x":0,"y":0,"w":28,"h":28},
	"sourceSize": {"w":28,"h":28}
},
{
	"filename": "2x_track-audition-pressed.png",
	"frame": {"x":312,"y":24,"w":28,"h":28},
	"rotated": false,
	"trimmed": false,
	"spriteSourceSize": {"x":0,"y":0,"w":28,"h":28},
	"sourceSize": {"w":28,"h":28}
},
{
	"filename": "2x_track-hoveraudition-off.png",
	"frame": {"x":284,"y":24,"w":28,"h":28},
	"rotated": false,
	"trimmed": false,
	"spriteSourceSize": {"x":0,"y":0,"w":28,"h":28},
	"sourceSize": {"w":28,"h":28}
},
{
	"filename": "2x_track-hoveraudition-on.png",
	"frame": {"x":256,"y":24,"w":28,"h":28},
	"rotated": false,
	"trimmed": false,
	"spriteSourceSize": {"x":0,"y":0,"w":28,"h":28},
	"sourceSize": {"w":28,"h":28}
},
{
	"filename": "2x_track-menu-active.png",
	"frame": {"x":592,"y":24,"w":28,"h":28},
	"rotated": false,
	"trimmed": false,
	"spriteSourceSize": {"x":0,"y":0,"w":28,"h":28},
	"sourceSize": {"w":28,"h":28}
},
{
	"filename": "2x_track-menu-hover.png",
	"frame": {"x":480,"y":24,"w":28,"h":28},
	"rotated": false,
	"trimmed": false,
	"spriteSourceSize": {"x":0,"y":0,"w":28,"h":28},
	"sourceSize": {"w":28,"h":28}
},
{
	"filename": "2x_track-menu-normal.png",
	"frame": {"x":648,"y":24,"w":28,"h":28},
	"rotated": false,
	"trimmed": false,
	"spriteSourceSize": {"x":0,"y":0,"w":28,"h":28},
	"sourceSize": {"w":28,"h":28}
},
{
	"filename": "2x_track-onoff-active.png",
	"frame": {"x":620,"y":24,"w":28,"h":28},
	"rotated": false,
	"trimmed": false,
	"spriteSourceSize": {"x":0,"y":0,"w":28,"h":28},
	"sourceSize": {"w":28,"h":28}
},
{
	"filename": "2x_track-onoff-hover.png",
	"frame": {"x":424,"y":24,"w":28,"h":28},
	"rotated": false,
	"trimmed": false,
	"spriteSourceSize": {"x":0,"y":0,"w":28,"h":28},
	"sourceSize": {"w":28,"h":28}
},
{
	"filename": "2x_track-onoff-inactive.png",
	"frame": {"x":396,"y":24,"w":28,"h":28},
	"rotated": false,
	"trimmed": false,
	"spriteSourceSize": {"x":0,"y":0,"w":28,"h":28},
	"sourceSize": {"w":28,"h":28}
},
{
	"filename": "2x_track-onoff-pressed.png",
	"frame": {"x":228,"y":24,"w":28,"h":28},
	"rotated": false,
	"trimmed": false,
	"spriteSourceSize": {"x":0,"y":0,"w":28,"h":28},
	"sourceSize": {"w":28,"h":28}
},
{
	"filename": "2x_track-solo-active.png",
	"frame": {"x":564,"y":24,"w":28,"h":28},
	"rotated": false,
	"trimmed": false,
	"spriteSourceSize": {"x":0,"y":0,"w":28,"h":28},
	"sourceSize": {"w":28,"h":28}
},
{
	"filename": "2x_track-solo-hover.png",
	"frame": {"x":676,"y":24,"w":28,"h":28},
	"rotated": false,
	"trimmed": false,
	"spriteSourceSize": {"x":0,"y":0,"w":28,"h":28},
	"sourceSize": {"w":28,"h":28}
},
{
	"filename": "2x_track-solo-inactive.png",
	"frame": {"x":508,"y":24,"w":28,"h":28},
	"rotated": false,
	"trimmed": false,
	"spriteSourceSize": {"x":0,"y":0,"w":28,"h":28},
	"sourceSize": {"w":28,"h":28}
},
{
	"filename": "2x_track-solo-pressed.png",
	"frame": {"x":452,"y":24,"w":28,"h":28},
	"rotated": false,
	"trimmed": false,
	"spriteSourceSize": {"x":0,"y":0,"w":28,"h":28},
	"sourceSize": {"w":28,"h":28}
},
{
	"filename": "2x_track-type-icon-audio.png",
	"frame": {"x":1661,"y":24,"w":42,"h":40},
	"rotated": false,
	"trimmed": false,
	"spriteSourceSize": {"x":0,"y":0,"w":42,"h":40},
	"sourceSize": {"w":42,"h":40}
},
{
	"filename": "2x_track-type-icon-command.png",
	"frame": {"x":1579,"y":24,"w":42,"h":40},
	"rotated": false,
	"trimmed": false,
	"spriteSourceSize": {"x":0,"y":0,"w":42,"h":40},
	"sourceSize": {"w":42,"h":40}
},
{
	"filename": "2x_track-type-icon-control.png",
	"frame": {"x":1827,"y":24,"w":42,"h":40},
	"rotated": false,
	"trimmed": false,
	"spriteSourceSize": {"x":0,"y":0,"w":42,"h":40},
	"sourceSize": {"w":42,"h":40}
},
{
	"filename": "2x_track-type-icon-instrument.png",
	"frame": {"x":1703,"y":24,"w":42,"h":40},
	"rotated": false,
	"trimmed": false,
	"spriteSourceSize": {"x":0,"y":0,"w":42,"h":40},
	"sourceSize": {"w":42,"h":40}
},
{
	"filename": "2x_track-type-icon-midi.png",
	"frame": {"x":1745,"y":24,"w":42,"h":40},
	"rotated": false,
	"trimmed": false,
	"spriteSourceSize": {"x":0,"y":0,"w":42,"h":40},
	"sourceSize": {"w":42,"h":40}
},
{
	"filename": "2x_trackmenu-auditiontoggle-auto.png",
	"frame": {"x":1128,"y":64,"w":48,"h":46},
	"rotated": false,
	"trimmed": false,
	"spriteSourceSize": {"x":0,"y":0,"w":48,"h":46},
	"sourceSize": {"w":48,"h":46}
},
{
	"filename": "2x_trackmenu-auditiontoggle-manual.png",
	"frame": {"x":984,"y":64,"w":48,"h":44},
	"rotated": false,
	"trimmed": false,
	"spriteSourceSize": {"x":0,"y":0,"w":48,"h":44},
	"sourceSize": {"w":48,"h":44}
},
{
	"filename": "2x_trackmenu-delete.png",
	"frame": {"x":1080,"y":64,"w":48,"h":46},
	"rotated": false,
	"trimmed": false,
	"spriteSourceSize": {"x":0,"y":0,"w":48,"h":46},
	"sourceSize": {"w":48,"h":46}
},
{
	"filename": "2x_trackmenu-lock-off.png",
	"frame": {"x":1032,"y":64,"w":48,"h":46},
	"rotated": false,
	"trimmed": false,
	"spriteSourceSize": {"x":0,"y":0,"w":48,"h":46},
	"sourceSize": {"w":48,"h":46}
},
{
	"filename": "2x_trackmenu-lock-on.png",
	"frame": {"x":1272,"y":64,"w":48,"h":48},
	"rotated": false,
	"trimmed": false,
	"spriteSourceSize": {"x":0,"y":0,"w":48,"h":48},
	"sourceSize": {"w":48,"h":48}
},
{
	"filename": "2x_up_arrow.png",
	"frame": {"x":513,"y":164,"w":51,"h":52},
	"rotated": false,
	"trimmed": false,
	"spriteSourceSize": {"x":0,"y":0,"w":51,"h":52},
	"sourceSize": {"w":51,"h":52}
},
{
	"filename": "2x_up_hover.png",
	"frame": {"x":411,"y":164,"w":51,"h":52},
	"rotated": false,
	"trimmed": false,
	"spriteSourceSize": {"x":0,"y":0,"w":51,"h":52},
	"sourceSize": {"w":51,"h":52}
},
{
	"filename": "2x_up_mousedown.png",
	"frame": {"x":462,"y":164,"w":51,"h":52},
	"rotated": false,
	"trimmed": false,
	"spriteSourceSize": {"x":0,"y":0,"w":51,"h":52},
	"sourceSize": {"w":51,"h":52}
},
{
	"filename": "2x_volume_slider_chrome.png",
	"frame": {"x":1498,"y":1258,"w":110,"h":500},
	"rotated": false,
	"trimmed": false,
	"spriteSourceSize": {"x":0,"y":0,"w":110,"h":500},
	"sourceSize": {"w":110,"h":500}
},
{
	"filename": "2x_vst3_icon.png",
	"frame": {"x":1279,"y":0,"w":44,"h":24},
	"rotated": false,
	"trimmed": false,
	"spriteSourceSize": {"x":0,"y":0,"w":44,"h":24},
	"sourceSize": {"w":44,"h":24}
},
{
	"filename": "2x_vst_icon.png",
	"frame": {"x":1365,"y":0,"w":44,"h":24},
	"rotated": false,
	"trimmed": false,
	"spriteSourceSize": {"x":0,"y":0,"w":44,"h":24},
	"sourceSize": {"w":44,"h":24}
},
{
	"filename": "2x_za_icon.png",
	"frame": {"x":1323,"y":0,"w":42,"h":24},
	"rotated": false,
	"trimmed": false,
	"spriteSourceSize": {"x":0,"y":0,"w":42,"h":24},
	"sourceSize": {"w":42,"h":24}
},
{
	"filename": "2x_zenaudio-logo-black.png",
	"frame": {"x":1254,"y":741,"w":602,"h":171},
	"rotated": false,
	"trimmed": false,
	"spriteSourceSize": {"x":0,"y":0,"w":602,"h":171},
	"sourceSize": {"w":602,"h":171}
},
{
	"filename": "2x_zenaudio-logo-blue.png",
	"frame": {"x":0,"y":112,"w":602,"h":48},
	"rotated": false,
	"trimmed": false,
	"spriteSourceSize": {"x":0,"y":0,"w":602,"h":48},
	"sourceSize": {"w":602,"h":48}
},
{
	"filename": "2x_zenAudioLogoSmall.png",
	"frame": {"x":1185,"y":112,"w":400,"h":50},
	"rotated": false,
	"trimmed": false,
	"spriteSourceSize": {"x":0,"y":0,"w":400,"h":50},
	"sourceSize": {"w":400,"h":50}
},
{
	"filename": "2x_zoom-active.png",
	"frame": {"x":1829,"y":627,"w":114,"h":114},
	"rotated": false,
	"trimmed": false,
	"spriteSourceSize": {"x":0,"y":0,"w":114,"h":114},
	"sourceSize": {"w":114,"h":114}
},
{
	"filename": "2x_zoom-cursor.png",
	"frame": {"x":1484,"y":220,"w":52,"h":64},
	"rotated": false,
	"trimmed": false,
	"spriteSourceSize": {"x":0,"y":0,"w":52,"h":64},
	"sourceSize": {"w":52,"h":64}
},
{
	"filename": "2x_zoom-hover.png",
	"frame": {"x":1715,"y":627,"w":114,"h":114},
	"rotated": false,
	"trimmed": false,
	"spriteSourceSize": {"x":0,"y":0,"w":114,"h":114},
	"sourceSize": {"w":114,"h":114}
},
{
	"filename": "2x_zoom-pressed.png",
	"frame": {"x":1130,"y":627,"w":114,"h":114},
	"rotated": false,
	"trimmed": false,
	"spriteSourceSize": {"x":0,"y":0,"w":114,"h":114},
	"sourceSize": {"w":114,"h":114}
},
{
	"filename": "2x_zoom.png",
	"frame": {"x":1601,"y":627,"w":114,"h":114},
	"rotated": false,
	"trimmed": false,
	"spriteSourceSize": {"x":0,"y":0,"w":114,"h":114},
	"sourceSize": {"w":114,"h":114}
}],
"meta": {
	"app": "https://www.codeandweb.com/texturepacker",
	"version": "1.0",
	"image": "image_atlas.png",
	"format": "RGBA8888",
	"size": {"w":1943,"h":1758},
	"scale": "1",
	"smartupdate": "$TexturePacker:SmartUpdate:70aba14bbdd91e344c644f2d3a742d96:3b9d82146a2eb1bea724996fbda84f92:f73a864ac4edd7388d2f63ed4fd6c288$"
}
}
